{
  "vertices": [
    0,
    1,
    0,
    0,
    1,
    0,
    0,
    1,
    0,
    0,
    1,
    0,
    0,
    1,
    0,
    0,
    0.4472135954999579,
    0.8944271909999159,
    0.8506508083520399,
    0.4472135954999579,
    0.27639320225002106,
    0.5257311121191337,
    0.4472135954999579,
    -0.7236067977499788,
    -0.5257311121191335,
    0.4472135954999579,
    -0.7236067977499789,
    -0.85065080835204,
    0.4472135954999579,
    0.27639320225002084,
    -2.1907147930568105e-16,
    0.4472135954999579,
    0.8944271909999159,
    0.5257311121191336,
    -0.4472135954999579,
    0.7236067977499789,
    0.85065080835204,
    -0.4472135954999579,
    -0.27639320225002095,
    1.0953573965284052e-16,
    -0.4472135954999579,
    -0.8944271909999159,
    -0.8506508083520399,
    -0.4472135954999579,
    -0.2763932022500211,
    -0.5257311121191338,
    -0.4472135954999579,
    0.7236067977499788,
    0.525731112119134,
    -0.4472135954999579,
    0.7236067977499787,
    0,
    -1,
    0,
    0,
    -1,
    0,
    0,
    -1,
    0,
    0,
    -1,
    0,
    0,
    -1,
    0
  ],
  "normals": [
    0,
    1,
    0,
    0,
    1,
    0,
    0,
    1,
    0,
    0,
    1,
    0,
    0,
    1,
    0,
    0,
    0.4472135954999579,
    0.8944271909999159,
    0.8506508083520399,
    0.4472135954999579,
    0.27639320225002106,
    0.5257311121191337,
    0.4472135954999579,
    -0.7236067977499788,
    -0.5257311121191335,
    0.4472135954999579,
    -0.7236067977499789,
    -0.85065080835204,
    0.4472135954999579,
    0.27639320225002084,
    -2.1907147930568105e-16,
    0.4472135954999579,
    0.8944271909999159,
    0.5257311121191336,
    -0.4472135954999579,
    0.7236067977499789,
    0.85065080835204,
    -0.4472135954999579,
    -0.27639320225002095,
    1.0953573965284052e-16,
    -0.4472135954999579,
    -0.8944271909999159,
    -0.8506508083520399,
    -0.4472135954999579,
    -0.2763932022500211,
    -0.5257311121191338,
    -0.4472135954999579,
    0.7236067977499788,
    0.525731112119134,
    -0.4472135954999579,
    0.7236067977499787,
    0,
    -1,
    0,
    0,
    -1,
    0,
    0,
    -1,
    0,
    0,
    -1,
    0,
    0,
    -1,
    0
  ],
  "texCoordin": [
    0.1,
    0,
    0.3,
    0,
    0.5,
    0,
    0.7,
    0,
    0.9,
    0,
    0,
    0.35241638234956674,
    0.2,
    0.35241638234956674,
    0.4,
    0.35241638234956674,
    0.6,
    0.35241638234956674,
    0.8,
    0.35241638234956674,
    1,
    0.35241638234956674,
    0.1,
    0.6475836176504333,
    0.3,
    0.6475836176504333,
    0.5,
    0.6475836176504333,
    0.7,
    0.6475836176504333,
    0.9,
    0.6475836176504333,
    1.1,
    0.6475836176504333,
    0.2,
    1,
    0.4,
    1,
    0.6,
    1,
    0.8,
    1,
    1,
    1
  ],
  "indices": [
    0,
    5,
    6,
    5,
    11,
    6,
    6,
    11,
    12,
    11,
    17,
    12,
    1,
    6,
    7,
    6,
    12,
    7,
    7,
    12,
    13,
    12,
    18,
    13,
    2,
    7,
    8,
    7,
    13,
    8,
    8,
    13,
    14,
    13,
    19,
    14,
    3,
    8,
    9,
    8,
    14,
    9,
    9,
    14,
    15,
    14,
    20,
    15,
    4,
    9,
    10,
    9,
    15,
    10,
    10,
    15,
    16,
    15,
    21,
    16
  ]
}